,surface,series,order_surfaces,isBasement,isFault,isActive,hasData,color,vertices,edges,sfai,id
5,fault1,fault_series1,1,False,True,True,True,#015482,,,1.314038269919149,1
7,rock5,series2,1,False,False,True,True,#9f0052,,,1.031392540969572,2
6,rock4,series2,2,False,False,True,True,#ffbe00,,,0.9595692280683314,3
0,rock3,series1,1,False,False,True,True,#728f02,,,0.8787869218495376,4
3,rock2,series1,2,False,False,True,True,#443988,,,0.8162880964751259,5
1,rock1,series1,3,False,False,True,True,#ff3f20,,,0.7537891685516975,6
4,basement,basement_series,1,True,False,True,False,#325916,,,,7
