X,Y,Z,azimuth,dip,polarity,formation
544642.29382006,7487591.03977592,608.0,385.0,40,1,Marra_Mamba_Iron_Formation
542483.22581806,7481908.32718671,473.0,365.0,60,1,Hardey_Formation
545142.14967586,7476403.27956483,481.0,435.0,35,1,Hardey_Formation
530515.15279646,7485813.61808323,421.0,370.0,60,1,Hardey_Formation
535257.61161618,7499029.61466975,508.0,360.0,40,1,Jeerinah_Formation
529653.28479411,7489335.50974713,478.0,380.0,33,1,Pyradie_Formation
534647.38303052,7483231.064701599,456.0,378.0,62,1,Hardey_Formation
542798.44862517,7481931.79983939,473.0,388.0,60,1,Hardey_Formation
521454.19247432,7476047.70487103,373.0,245.0,18,1,Hardey_Formation
530225.44994657,7485223.06415469,414.0,365.0,55,1,Hardey_Formation
531138.18012836,7486699.0561047,416.0,400.0,70,1,Boongal_Formation
548279.32061205,7493304.27929258,549.0,190.0,50,1,Jeerinah_Formation
548279.32061205,7493304.27929258,549.0,190.0,55,1,Jeerinah_Formation
541013.16039186,7493387.43930108,523.0,150.0,28,1,Bunjinah_Formation
523931.74116463,7473700.519519,385.0,420.0,30,1,Hardey_Formation
523931.74116463,7473700.519519,385.0,235.0,29,1,Hardey_Formation
536742.23216759,7490698.33941677,515.0,110.0,28,1,Bunjinah_Formation
548249.15588261,7493512.48955459,549.0,190.0,50,1,Jeerinah_Formation
548249.15588261,7493512.48955459,549.0,190.0,55,1,Jeerinah_Formation
523989.54366251,7500823.54711461,603.0,355.0,63,1,Mount_McRae_Shale_and_Mount_Sylvia_Formation
544816.76522296,7476376.566478799,482.0,435.0,21,1,Hardey_Formation
537199.09563866,7490607.57099584,492.0,110.0,28,1,Jeerinah_Formation
532678.47755966,7488131.60125304,476.0,385.0,25,1,Pyradie_Formation
543234.97739865,7505326.76715363,627.0,330.0,15,1,Jeerinah_Formation
543754.18068029,7504599.12601575,548.0,330.0,15,1,Jeerinah_Formation
530221.47809184,7485474.50627725,435.0,368.0,55,1,Hardey_Formation
532604.36997523,7483996.51451291,422.0,370.0,40,1,Hardey_Formation
522143.04755332,7478175.84114015,400.0,93.0,30,1,Hardey_Formation
522441.04068434,7500496.57253559,584.0,163.0,29,1,Mount_McRae_Shale_and_Mount_Sylvia_Formation
521969.86148165,7509447.16831663,571.0,365.0,52,1,Brockman_Iron_Formation
530017.15473598,7517395.42335177,642.0,391.0,24,1,Mount_McRae_Shale_and_Mount_Sylvia_Formation
536743.75189579,7516699.94325734,738.0,169.0,25,1,Brockman_Iron_Formation
536864.3112146,7516486.44006065,713.0,381.0,54,1,Brockman_Iron_Formation
537236.7510334001,7516781.94098479,717.0,393.0,19,1,Brockman_Iron_Formation
535856.33026169,7512629.90191351,665.0,383.0,32,1,Brockman_Iron_Formation
538825.16687886,7511863.37365568,673.0,371.0,9,1,Brockman_Iron_Formation
541065.40971783,7507289.30875077,671.0,137.0,26,1,Brockman_Iron_Formation
528702.09351822,7500732.15020471,568.0,110.0,41,1,Jeerinah_Formation
535346.60929794,7499105.69666818,507.0,175.0,40,1,Jeerinah_Formation
542840.13190584,7483390.16323959,496.0,374.0,35,1,Boongal_Formation
525820.9460544001,7481790.42211218,403.0,151.0,20,1,Hardey_Formation
545223.01655008,7475727.05264709,504.0,436.0,35,1,Hardey_Formation
547742.67588526,7479703.67071575,487.0,409.0,25,1,Hardey_Formation
545836.49343094,7478148.11843409,459.0,428.0,15,1,Hardey_Formation
550629.45033249,7482157.73377273,518.0,390.0,46,1,Pyradie_Formation
553784.61691641,7482787.75940606,519.0,390.0,40,1,Jeerinah_Formation
555570.30909452,7486441.29580547,598.0,382.0,50,1,Boolgeeda_Iron_Formation
554912.99402906,7485625.28562051,575.0,384.0,70,1,Weeli_Wolli_Formation
544406.7446958,7485143.19779223,530.0,379.0,50,1,Bunjinah_Formation
559180.0624804,7491409.85808041,582.0,168.0,48,1,Weeli_Wolli_Formation
554304.93348599,7496947.32598323,572.0,168.0,35,1,Jeerinah_Formation
545557.03288211,7494696.21808249,520.0,362.0,15,1,Jeerinah_Formation
562663.9448064,7506741.50979555,807.0,430.0,11,1,Bunjinah_Formation
544921.82941261,7514333.36252441,838.0,440.0,35,1,Mount_McRae_Shale_and_Mount_Sylvia_Formation
544708.19918899,7514108.86119291,936.0,400.0,33,1,Mount_McRae_Shale_and_Mount_Sylvia_Formation
547332.06601078,7516113.86829699,832.0,127.0,28,1,Mount_McRae_Shale_and_Mount_Sylvia_Formation
547704.52567933,7513884.34170986,622.0,365.0,34,1,Wittenoom_Formation
554929.61134409,7515160.85629446,632.0,150.0,15,1,Jeerinah_Formation
548756.28656105,7517165.36829682,651.0,172.0,25,1,Mount_McRae_Shale_and_Mount_Sylvia_Formation
552049.0524020001,7487780.78569838,566.0,390.0,28,1,Boolgeeda_Iron_Formation
547640.63848022,7513734.467746001,671.0,184.0,34,1,Marra_Mamba_Iron_Formation
538617.61984384,7511806.72349882,661.0,191.0,9,1,Brockman_Iron_Formation
538806.02756515,7483993.09306394,492.0,370.0,63,1,Hardey_Formation
548578.04664895,7517242.93275268,653.0,174.0,25,1,Mount_McRae_Shale_and_Mount_Sylvia_Formation
562613.59447835,7506579.00298373,826.0,250.0,11,1,Bunjinah_Formation
535859.02692715,7512398.30549352,665.0,201.0,32,1,Brockman_Iron_Formation
542344.84155478,7481763.35785815,465.0,365.0,60,1,Hardey_Formation
552049.0524020001,7487780.78569838,566.0,390.0,80,1,Boolgeeda_Iron_Formation
545003.74120558,7476258.34758436,482.0,435.0,35,1,Hardey_Formation
547242.81740116,7516046.24923983,862.0,305.0,28,1,Wittenoom_Formation
552075.59216311,7487793.53622728,566.0,390.0,28,1,Boolgeeda_Iron_Formation
536729.5649795999,7516597.33613236,713.0,348.0,25,1,Brockman_Iron_Formation
546137.8575609,7494606.69912057,532.0,360.0,15,1,Jeerinah_Formation
540038.91207275,7506751.82918475,654.0,338.0,28,1,Brockman_Iron_Formation
529955.11858467,7517212.37448649,660.0,211.0,24,1,Mount_McRae_Shale_and_Mount_Sylvia_Formation
537101.10259263,7516513.64798743,713.0,388.0,19,1,Brockman_Iron_Formation
552075.59216311,7487793.53622728,566.0,390.0,80,1,Boolgeeda_Iron_Formation
521796.72185923,7509376.56236277,597.0,181.0,52,1,Brockman_Iron_Formation
553087.89226931,7484583.49215226,516.0,420.0,64,1,Marra_Mamba_Iron_Formation
544671.5774674,7513917.04057533,812.0,219.0,33,1,Mount_McRae_Shale_and_Mount_Sylvia_Formation
539933.7822252,7483374.35640366,472.0,385.0,60,1,Hardey_Formation
521993.39933415,7508834.9892679,550.0,171.0,60,1,Weeli_Wolli_Formation
542660.06207832,7481786.83007108,469.0,388.0,60,1,Hardey_Formation
544608.89803516,7514084.37259684,812.0,442.0,35,1,Mount_McRae_Shale_and_Mount_Sylvia_Formation
553113.25097797,7484612.18583151,516.0,240.0,64,1,Marra_Mamba_Iron_Formation
544512.13000453,7514096.8288444,936.0,405.0,26,1,Mount_McRae_Shale_and_Mount_Sylvia_Formation
529219.05316166,7512991.48314111,652.0,230.0,24,1,Mount_McRae_Shale_and_Mount_Sylvia_Formation
536789.57090088,7516217.95425832,719.0,200.0,54,1,Brockman_Iron_Formation
537020.13400936,7516172.571558501,719.0,181.0,24,1,Brockman_Iron_Formation
559881.96804876,7490671.20867738,582.0,185.0,50,1,Boolgeeda_Iron_Formation
533937.3265810466,7476404.903035125,413.0,369.3765251776307,19,1,Rocklea_Inlier_metagranitic_unit
542009.7993570467,7518127.605963392,738.0,524.9213814355301,1,1,Brockman_Iron_Formation
542400.0156553431,7516679.251296696,732.0,704.92138143553,1,1,Brockman_Iron_Formation
539002.9227054811,7516849.335139927,756.0,505.41097701050455,1,1,Brockman_Iron_Formation
539854.4517565889,7515614.467424292,694.0,685.4109770105043,1,1,Brockman_Iron_Formation
526741.8505289167,7507201.891681332,559.0,528.7225917579666,15,1,Turee_Creek_Group
527035.1897370833,7505730.853915349,555.0,708.7225917579666,15,1,Turee_Creek_Group
522190.157339188,7506320.6929681925,535.0,529.3977787216321,27,1,Turee_Creek_Group
522466.1415254719,7504846.300642886,528.0,709.3977787216321,27,1,Turee_Creek_Group
517811.93840665603,7505502.833320676,514.0,529.4397965787639,33,1,Turee_Creek_Group
518086.84127328405,7504028.238998865,512.0,709.4397965787639,33,1,Turee_Creek_Group
552716.685917467,7504594.753341875,545.0,123.63780976438359,1,1,Bunjinah_Formation
551467.8521070732,7505425.664958124,548.0,303.63780976438363,1,1,Bunjinah_Formation
541781.2786855048,7514519.41708718,868.0,206.0719785819289,3,1,Brockman_Iron_Formation
541122.0288017553,7513172.0531457085,709.0,386.0719785819289,3,1,Brockman_Iron_Formation
538817.7483400619,7515669.568259824,706.0,193.26646641365218,0,1,Brockman_Iron_Formation
538473.5281541082,7514209.598238356,693.0,373.2664664136522,0,1,Brockman_Iron_Formation
536618.8364886608,7516136.306885635,773.0,190.64485161790643,1,1,Brockman_Iron_Formation
536341.7553723193,7514662.120311635,688.0,370.64485161790634,1,1,Brockman_Iron_Formation
534651.1539453255,7516548.871973087,777.0,193.1928789599466,1,1,Brockman_Iron_Formation
534308.8091455547,7515088.461058972,752.0,373.1928789599466,1,1,Brockman_Iron_Formation
539978.049360485,7509933.1756467,639.0,252.49545603619092,4.053720737739852,1,Weeli_Wolli_Formation
540506.896457065,7508121.414860615,644.0,289.4341331363009,4.351839860533532,1,Weeli_Wolli_Formation
537637.2802041951,7505846.915162302,623.0,349.4643928974439,11.737538552961125,1,Weeli_Wolli_Formation
533815.490857695,7504841.8836513935,609.0,327.99447833910773,7.404763515936779,1,Weeli_Wolli_Formation
531085.822018183,7503424.192092365,597.0,14.632832560261136,24.772798301659503,1,Weeli_Wolli_Formation
528013.059679545,7502708.3146229135,553.0,355.4271877975468,29.891325644132944,1,Weeli_Wolli_Formation
524770.165104405,7502329.020945745,589.0,350.51920595791944,23.360010164932408,1,Weeli_Wolli_Formation
520535.5074258599,7501717.9229772575,546.0,358.2851054030008,19.9428181483986,1,Weeli_Wolli_Formation
517898.4563920489,7501093.353208343,520.0,343.25222731399435,24.269446464921785,1,Weeli_Wolli_Formation
515938.2348512904,7504281.869563231,501.0,85.90334656163787,31.815231211327788,1,Weeli_Wolli_Formation
518451.74463226,7508479.230168435,649.0,165.86711715829497,33.12236371755626,1,Weeli_Wolli_Formation
521553.2286903392,7509035.112303017,613.0,184.68268183784528,29.336679482599635,1,Weeli_Wolli_Formation
524303.9295138051,7509462.80558246,584.0,170.79553455126782,16.148398765349285,1,Weeli_Wolli_Formation
528261.511217395,7510303.630070105,590.0,163.30359577606703,8.6725068383749,1,Weeli_Wolli_Formation
532369.0235282001,7511663.491073235,627.0,154.4350153266912,3.176737901827792,1,Weeli_Wolli_Formation
534067.0898217049,7512392.974521001,695.0,171.85478588149522,2.037948560787825,1,Weeli_Wolli_Formation
537961.432376185,7511789.608547455,640.0,202.24608110213296,0.8307300270227103,1,Weeli_Wolli_Formation
519922.855516935,7510700.49570857,625.0,172.69146134213432,21.50554731855117,1,Wittenoom_Formation
523048.0255426596,7511696.634111812,587.0,149.73617715173236,8.576651622067361,1,Wittenoom_Formation
524965.16076637,7513561.55955241,604.0,129.09415845677668,7.6481902366819545,1,Wittenoom_Formation
526487.730267925,7517135.579473835,623.0,98.12565537055023,4.20097380837214,1,Wittenoom_Formation
526854.92044841,7519500.1347884005,622.0,42.28745104992447,1.779232635379728,1,Wittenoom_Formation
527168.08479123,7520569.174671875,623.0,160.12525262434607,2.6262528737568833,1,Wittenoom_Formation
530849.995220055,7520256.246672455,600.0,187.32001312865302,4.9745298314423385,1,Wittenoom_Formation
533742.970656035,7520098.24971456,609.0,173.27752356108533,5.936668098414187,1,Wittenoom_Formation
550259.7512952699,7519635.423818275,661.0,226.72835386379487,26.96964934700386,1,Wittenoom_Formation
551820.2106207199,7517585.61939792,663.0,219.80833246953887,24.391479012082076,1,Wittenoom_Formation
552018.530453105,7516487.869023985,653.0,274.39819732498574,21.462483395978524,1,Wittenoom_Formation
550577.073265845,7514927.38086921,647.0,352.86124497588014,13.455928915357363,1,Wittenoom_Formation
548011.594352125,7514041.38387348,627.0,333.44422418424716,4.274521215543416,1,Wittenoom_Formation
546726.2813055016,7512731.600717038,619.0,325.02966169625785,9.49422733828115,1,Wittenoom_Formation
546239.663881355,7511670.246964795,645.0,286.6872602909004,9.766442953702693,1,Wittenoom_Formation
544745.17500337,7510007.90110997,649.0,309.3256855354385,9.320135636243762,1,Wittenoom_Formation
543475.585569415,7506648.89978729,609.0,307.8615347505321,5.288928048289363,1,Wittenoom_Formation
539825.725655455,7503342.89565691,589.0,333.9172831878535,16.76051674247394,1,Wittenoom_Formation
536863.48003468,7503051.639916777,575.0,307.87616476595366,10.172599341463313,1,Wittenoom_Formation
536043.5198349,7501279.869339115,541.0,346.98159358473015,3.7773895352335103,1,Wittenoom_Formation
532579.6545240919,7501109.526704033,556.0,356.57168183297784,21.553207162127595,1,Wittenoom_Formation
528755.2595402,7501010.559260275,562.0,353.65465161258834,32.706386863134476,1,Wittenoom_Formation
532403.793587245,7520891.245459585,637.0,147.8967883967606,5.888171214223733,1,Marra_Mamba_Iron_Formation
549640.4746225451,7520788.18345459,662.0,197.17279343343057,25.8885572641406,1,Marra_Mamba_Iron_Formation
551571.896228555,7519743.42064951,703.0,224.57679862911263,27.64262495794045,1,Marra_Mamba_Iron_Formation
553158.67871308,7518005.1440775385,686.0,240.02880564478653,24.330133633478933,1,Marra_Mamba_Iron_Formation
553026.76498694,7516132.881122145,672.0,319.4404708070117,19.40938376688973,1,Marra_Mamba_Iron_Formation
551999.52199276,7514902.41648585,660.0,331.9203307852867,15.121617692438193,1,Marra_Mamba_Iron_Formation
549936.6440153851,7514249.879969545,716.0,326.0803900294932,8.711833054957651,1,Marra_Mamba_Iron_Formation
547878.06016185,7513312.634993495,690.0,328.52301616224617,4.3395086730918,1,Marra_Mamba_Iron_Formation
547065.151838509,7512048.2621316835,631.0,297.93006090963837,7.926894500502257,1,Marra_Mamba_Iron_Formation
546765.8207325846,7511009.77776009,691.0,281.52877040763894,7.176169321669633,1,Marra_Mamba_Iron_Formation
545709.390565855,7509976.640225082,712.0,311.79110151988016,7.997016883137491,1,Marra_Mamba_Iron_Formation
544865.308746795,7508355.144806145,657.0,304.88432732207644,4.845706458829966,1,Marra_Mamba_Iron_Formation
543948.80037056,7506864.398515895,628.0,303.937432619672,4.670201364897012,1,Marra_Mamba_Iron_Formation
542739.87563304,7504741.648057965,613.0,321.6161681951538,13.590823748219721,1,Marra_Mamba_Iron_Formation
540523.16433869,7503325.15400174,598.0,325.9189590437068,17.235189046490053,1,Marra_Mamba_Iron_Formation
537952.6905177,7502403.3942075735,644.0,348.0898694204055,12.451881162285046,1,Marra_Mamba_Iron_Formation
537322.756298895,7501665.3845699085,593.0,270.27201721475393,9.757833447931743,1,Marra_Mamba_Iron_Formation
535976.235242035,7500689.37527097,529.0,353.56944493367513,2.4838858258976297,1,Marra_Mamba_Iron_Formation
533973.322862685,7500763.609422315,585.0,333.7286615229196,12.110770518268538,1,Marra_Mamba_Iron_Formation
532443.9799124349,7500781.5911998665,553.0,0.29802680120610603,21.62189637055189,1,Marra_Mamba_Iron_Formation
529429.349794275,7500744.063720685,560.0,0.8411354951247745,32.74742624611031,1,Marra_Mamba_Iron_Formation
527827.606573235,7500240.298485533,512.0,0.2704917650362404,31.198960950504446,1,Marra_Mamba_Iron_Formation
559190.474683385,7485859.81949822,572.0,5.0102581688199725,19.257701045386654,1,Turee_Creek_Group
556320.450320815,7486533.2906808,551.0,21.979464060661602,47.260216053340685,1,Turee_Creek_Group
552539.6054199,7488215.253426067,535.0,26.893052208992515,50.08782909471315,1,Turee_Creek_Group
550638.920361385,7488970.231010585,553.0,20.280842646178428,35.192962603562044,1,Turee_Creek_Group
550244.6457649351,7489261.979971195,560.0,71.74878201995638,30.52125585714394,1,Turee_Creek_Group
550269.51999064,7489561.729291175,561.0,123.50293216889936,27.013145563684077,1,Turee_Creek_Group
551154.52439263,7489923.846449115,568.0,166.7744592787781,24.768808457514158,1,Turee_Creek_Group
553416.96384789,7490379.004094335,551.0,181.53606067237058,28.04142585682284,1,Turee_Creek_Group
554743.124045105,7490273.269830565,554.0,194.72548772393841,28.497255824979923,1,Turee_Creek_Group
555049.833844615,7490037.018998515,556.0,246.36877053723148,29.7053594238102,1,Turee_Creek_Group
555099.34523389,7489616.26988951,550.0,206.74050458229053,34.61036995056107,1,Turee_Creek_Group
555551.524739355,7489793.524252701,550.0,139.44256948655396,29.39325773787436,1,Turee_Creek_Group
556474.36014835,7490157.539870755,561.0,174.75922295192424,23.88054888914488,1,Turee_Creek_Group
559429.445946845,7490119.320092405,604.0,171.24287058254598,37.44303271873398,1,Turee_Creek_Group
561251.54317052,7490461.58422179,589.0,183.23611979372012,43.05577981709028,1,Turee_Creek_Group
562237.3946909818,7485229.555628215,609.0,357.9725329872847,11.850265527961753,1,Boolgeeda_Iron_Formation
559879.7154419599,7485057.0803395985,602.0,1.972624282166464,14.36111041564324,1,Boolgeeda_Iron_Formation
558060.35580585,7485458.80510827,573.0,11.508599836426301,33.378973834665516,1,Boolgeeda_Iron_Formation
555703.144631345,7486114.03374151,593.0,16.16237075314575,49.379018053234645,1,Boolgeeda_Iron_Formation
551769.593196215,7487929.2487396365,573.0,28.085175621907805,49.376937476173154,1,Boolgeeda_Iron_Formation
550036.09933288,7488741.734540305,570.0,27.79227023182796,35.39441029230129,1,Boolgeeda_Iron_Formation
549767.9833980601,7489930.72420017,562.0,134.9751301383585,18.363783478271685,1,Boolgeeda_Iron_Formation
551356.233613845,7490337.219367647,561.0,270.19290236136897,23.392558861152963,1,Boolgeeda_Iron_Formation
553565.794808175,7490830.75048428,560.0,171.96469351660218,25.45590435548131,1,Boolgeeda_Iron_Formation
555807.5487710449,7490585.770354405,558.0,180.30055237945626,24.82863400560423,1,Boolgeeda_Iron_Formation
558471.9546975051,7490545.80589504,566.0,176.57678393080926,35.765727029111154,1,Boolgeeda_Iron_Formation
560789.4943011501,7491078.074718455,578.0,169.03473616972337,44.204798623634346,1,Boolgeeda_Iron_Formation
561618.4547170401,7491040.836369265,570.0,195.37751997173157,43.45674727354147,1,Boolgeeda_Iron_Formation
562105.9293420999,7475765.8464853,682.0,83.6560133233301,5.376900240652162,1,Mount_McRae_Shale_and_Mount_Sylvia_Formation
561510.8387332549,7477934.84419016,686.0,62.586644070339844,0.9859881233947476,1,Mount_McRae_Shale_and_Mount_Sylvia_Formation
560375.17128294,7483192.580446632,631.0,12.247065716876195,13.620669099853075,1,Weeli_Wolli_Formation
556772.50979038,7484235.05162076,600.0,17.41549805774065,40.54887263928217,1,Weeli_Wolli_Formation
554176.3811324751,7485264.270465299,558.0,22.58148375399185,47.47853381223374,1,Weeli_Wolli_Formation
552416.08018272,7486190.25837655,516.0,16.744009581817867,49.856425705236724,1,Weeli_Wolli_Formation
550870.97850539,7486908.244996071,583.0,45.73103092569676,48.446213339461266,1,Weeli_Wolli_Formation
549503.430968525,7487520.484962205,637.0,15.756308530191175,43.51514909206124,1,Weeli_Wolli_Formation
546688.01134795,7488609.8459713375,626.0,30.813754828927358,29.402440418674693,1,Weeli_Wolli_Formation
546597.49122317,7490490.190501899,623.0,153.9968744530911,9.613730521279436,1,Weeli_Wolli_Formation
549209.614570085,7491165.958380195,576.0,167.18390676332103,30.456359800037852,1,Weeli_Wolli_Formation
552949.618537255,7491716.0002435865,594.0,177.62485337610406,29.260436956556354,1,Weeli_Wolli_Formation
558394.5811158001,7492101.040616445,665.0,160.9822884464061,41.1337717462266,1,Weeli_Wolli_Formation
541583.06543022,7490226.405509425,618.0,108.45923318491224,20.116227000583148,1,Mount_McRae_Shale_and_Mount_Sylvia_Formation
542539.8805145285,7490851.750268807,620.0,157.1097679944409,16.737262609155973,1,Mount_McRae_Shale_and_Mount_Sylvia_Formation
543378.2561185551,7491236.410231585,622.0,143.15193909651398,14.600771625778279,1,Mount_McRae_Shale_and_Mount_Sylvia_Formation
544825.680267955,7492021.914691355,589.0,156.09232137569597,7.4265512967909615,1,Mount_McRae_Shale_and_Mount_Sylvia_Formation
546519.880259805,7492616.41959412,593.0,167.87288130149045,18.25777647851804,1,Mount_McRae_Shale_and_Mount_Sylvia_Formation
548361.337690945,7492528.240553094,571.0,182.29535011036228,42.23429353856528,1,Mount_McRae_Shale_and_Mount_Sylvia_Formation
549570.565372285,7492750.20206278,604.0,163.08071146464658,49.335275417300146,1,Mount_McRae_Shale_and_Mount_Sylvia_Formation
551209.41334241,7493229.337418025,609.0,173.4006026612601,49.754839427399844,1,Mount_McRae_Shale_and_Mount_Sylvia_Formation
553139.7751447749,7493154.995050175,622.0,175.90547067726243,41.56573873347025,1,Mount_McRae_Shale_and_Mount_Sylvia_Formation
555428.655492105,7493200.0099264635,600.0,173.40098883306013,38.37661394555627,1,Mount_McRae_Shale_and_Mount_Sylvia_Formation
558155.149467505,7494064.0344322035,628.0,158.20501369819112,37.711182644392146,1,Mount_McRae_Shale_and_Mount_Sylvia_Formation
561599.68585067,7494569.058804343,598.0,173.19328719434762,29.746477645666126,1,Mount_McRae_Shale_and_Mount_Sylvia_Formation
562261.49992171,7478416.58897701,801.0,74.35804507445977,0.9713488066560244,1,Brockman_Iron_Formation
561419.4898752,7479875.339643992,744.0,20.671728494247986,5.322644333157911,1,Brockman_Iron_Formation
560183.45420172,7480728.58047325,900.0,39.279890628137935,12.153783688287888,1,Brockman_Iron_Formation
558589.75524621,7481914.80896917,643.0,35.36102402025278,24.36997081935185,1,Brockman_Iron_Formation
555673.794032505,7483875.035294055,636.0,34.19570604438445,41.147857249407075,1,Brockman_Iron_Formation
542278.500379775,7489386.409866485,816.0,75.20281550073895,23.63541095055116,1,Brockman_Iron_Formation
542664.443197394,7490552.2576887915,615.0,154.37018493317555,18.064736502977286,1,Brockman_Iron_Formation
544026.970432885,7491314.915487045,629.0,132.82037531561735,12.18714000901022,1,Brockman_Iron_Formation
544932.2007127,7491702.909918185,634.0,144.5246325376092,8.656556425880794,1,Brockman_Iron_Formation
547164.7438898401,7492417.434595563,584.0,184.3585050411584,27.55931480117991,1,Brockman_Iron_Formation
549635.434485585,7492491.95423555,588.0,167.47781615731037,48.058354411977774,1,Brockman_Iron_Formation
551638.81363276,7492920.53274309,625.0,182.46559102621757,45.61027385162207,1,Brockman_Iron_Formation
555797.309919995,7492879.009894115,605.0,162.4851268551864,36.9920145782006,1,Brockman_Iron_Formation
558253.115321635,7493534.034132585,633.0,156.8159985435681,39.33818364833417,1,Brockman_Iron_Formation
561188.21023505,7494035.05939953,654.0,175.39555524696073,34.143793867133994,1,Brockman_Iron_Formation
560295.77440056,7475614.09610116,740.0,64.28640116910867,1.8303026643651352,1,Marra_Mamba_Iron_Formation
559906.22408488,7477270.83242407,656.0,103.99629767590041,3.706797447693148,1,Marra_Mamba_Iron_Formation
559469.0607226749,7478944.0654038815,614.0,43.8463868559636,10.353668425365155,1,Marra_Mamba_Iron_Formation
556295.4364664201,7482207.290072153,577.0,38.15601894330297,32.83451479881633,1,Marra_Mamba_Iron_Formation
551338.54984335,7485090.04380109,520.0,270.1932716742035,43.947498567642185,1,Marra_Mamba_Iron_Formation
544022.298638955,7487664.68465946,618.0,20.499911357530266,35.963873381449815,1,Marra_Mamba_Iron_Formation
519517.75523985,7500007.70920937,523.0,316.8130779205132,17.374554790821758,1,Mount_McRae_Shale_and_Mount_Sylvia_Formation
517669.91062289,7498600.186152483,534.0,324.79872349204993,16.681629961321462,1,Mount_McRae_Shale_and_Mount_Sylvia_Formation
519931.834325765,7499583.206071265,517.0,333.4336355717433,13.672550370668118,1,Wittenoom_Formation
517829.94979301,7497980.185686345,528.0,317.6399696260865,13.855730871127207,1,Wittenoom_Formation
531685.33584219,7508472.16879392,590.0,166.8738595169824,5.057381898868229,1,Turee_Creek_Group
533074.21471681,7507881.66994208,597.0,281.3115576954904,3.642436893824893,1,Turee_Creek_Group
529727.5601100749,7505727.109569752,562.0,327.6060093554247,18.38242374097061,1,Turee_Creek_Group
522082.924057035,7504042.75078942,537.0,349.9319221488938,20.01222153333235,1,Turee_Creek_Group
517744.06124803505,7503274.69944447,512.0,348.954196996262,30.472610000692878,1,Turee_Creek_Group
517804.950338525,7506046.465407405,523.0,165.47728339372532,35.370377355776,1,Turee_Creek_Group
525090.41783183,7507225.298093901,552.0,171.43362607822712,17.953393674591936,1,Turee_Creek_Group
525195.62039369,7507924.54934537,565.0,166.66211765931473,17.511356879621953,1,Boolgeeda_Iron_Formation
530911.4760851,7509142.918847915,594.0,162.48316387037084,5.656057009810682,1,Boolgeeda_Iron_Formation
534413.972086655,7510229.44100982,622.0,177.24805033864845,0.8187900065511258,1,Boolgeeda_Iron_Formation
536677.82857801,7509802.941024775,634.0,256.777707354884,1.8605116152830592,1,Boolgeeda_Iron_Formation
535439.2655422201,7508472.93436249,613.0,303.7144048147878,2.6663456182100305,1,Boolgeeda_Iron_Formation
534606.7357914599,7507417.163993728,597.0,339.4147883781044,2.7412287994420983,1,Boolgeeda_Iron_Formation
532383.3803470749,7506158.12940393,575.0,321.3004056231518,9.542406546908182,1,Boolgeeda_Iron_Formation
530140.3648564001,7505170.115017082,569.0,332.6429820770952,19.841182780010016,1,Boolgeeda_Iron_Formation
527933.9289082449,7504414.5679616,554.0,347.2987343597662,24.54145377050544,1,Boolgeeda_Iron_Formation
518008.02076309,7502868.699224345,518.0,347.11846575904883,29.821830518206298,1,Boolgeeda_Iron_Formation
560590.324082375,7484645.83266337,598.0,4.0926238923773335,9.300602404096594,1,Woongarra_Rhyolite
556284.84410281,7485516.791018855,568.0,7.931591065659404,46.893218207188646,1,Woongarra_Rhyolite
554228.2959858001,7486212.270277455,534.0,24.24052916448107,51.864867339278184,1,Woongarra_Rhyolite
552181.3805924901,7487347.25036599,528.0,31.607167704279,51.4400989775453,1,Woongarra_Rhyolite
550500.925275635,7488187.48464825,553.0,25.432605206390125,44.08032982942135,1,Woongarra_Rhyolite
548874.10099889,7489394.219924515,574.0,71.55905449821836,22.87845738024079,1,Woongarra_Rhyolite
549446.205612125,7490189.72017787,573.0,159.6532119800581,16.585311135882776,1,Woongarra_Rhyolite
551389.40230113,7490649.384535335,559.0,170.53560601737945,22.177306348209587,1,Woongarra_Rhyolite
553737.14626468,7491116.25551996,583.0,174.56497320259018,25.631753027529054,1,Woongarra_Rhyolite
556941.6791222501,7490875.9681361215,569.0,182.24348967398282,29.809061737650946,1,Woongarra_Rhyolite
559839.69452602,7491302.310696703,589.0,167.23773437830027,43.731482301819426,1,Woongarra_Rhyolite
544000.80473196,7476488.371548295,458.0,80.26902480783235,25.98407116104413,1,Mount_Roe_Basalt
543919.629978295,7520138.948598837,635.0,192.06953217574326,5.5990041315928485,1,Mount_McRae_Shale_and_Mount_Sylvia_Formation
547309.345072825,7519110.920817139,635.0,216.37598745748005,16.364712098190598,1,Mount_McRae_Shale_and_Mount_Sylvia_Formation
548728.868495605,7517409.8891324485,642.0,232.15435949671792,18.5818661470949,1,Mount_McRae_Shale_and_Mount_Sylvia_Formation
547774.339014175,7516320.645155597,744.0,342.8844035731156,8.746383086898916,1,Mount_McRae_Shale_and_Mount_Sylvia_Formation
546636.22934777,7515133.649562425,730.0,318.04445208456053,8.381627152940865,1,Mount_McRae_Shale_and_Mount_Sylvia_Formation
544751.665567295,7514007.658955115,776.0,289.4414438008372,13.969218546834655,1,Mount_McRae_Shale_and_Mount_Sylvia_Formation
544060.17836504,7511791.281458905,668.0,319.7891522667397,12.249356280692597,1,Mount_McRae_Shale_and_Mount_Sylvia_Formation
543368.75536116,7510005.899909265,691.0,272.2072144532682,9.81281920200631,1,Mount_McRae_Shale_and_Mount_Sylvia_Formation
542609.9857684949,7507950.154719345,649.0,273.1757774742738,5.153153249928664,1,Mount_McRae_Shale_and_Mount_Sylvia_Formation
541239.328875665,7505318.900902505,651.0,321.52656403306173,12.751930205454144,1,Mount_McRae_Shale_and_Mount_Sylvia_Formation
537788.371824025,7503605.90056684,621.0,345.2414305208044,13.542614053548775,1,Mount_McRae_Shale_and_Mount_Sylvia_Formation
535952.715339915,7503079.389087634,635.0,289.66134641618265,6.546439431107287,1,Mount_McRae_Shale_and_Mount_Sylvia_Formation
533150.33538687,7501647.860767545,588.0,352.86746104877307,16.364010046407543,1,Mount_McRae_Shale_and_Mount_Sylvia_Formation
522258.85392414,7510116.025177847,578.0,164.85368303868745,18.86785564202395,1,Mount_McRae_Shale_and_Mount_Sylvia_Formation
525374.572858025,7511971.72846655,624.0,147.97079861790442,8.928731849684882,1,Mount_McRae_Shale_and_Mount_Sylvia_Formation
528708.356534675,7513053.419733895,632.0,166.59416702841224,9.959270765711508,1,Mount_McRae_Shale_and_Mount_Sylvia_Formation
529540.575802055,7514485.18917573,637.0,85.23410179550409,7.598812047940411,1,Mount_McRae_Shale_and_Mount_Sylvia_Formation
529760.879025355,7516455.452582645,653.0,67.64073490299552,2.9919776615522977,1,Mount_McRae_Shale_and_Mount_Sylvia_Formation
531107.1191998799,7518107.505600575,632.0,164.600559228939,2.32698367099232,1,Mount_McRae_Shale_and_Mount_Sylvia_Formation
535610.45414417,7518548.243019099,600.0,168.94786054040233,5.879486582861277,1,Mount_McRae_Shale_and_Mount_Sylvia_Formation
538437.305130315,7519783.979779445,633.0,147.24105384561324,6.405505437273335,1,Mount_McRae_Shale_and_Mount_Sylvia_Formation
543120.050208845,7481161.67501459,474.0,38.27742038894729,55.11905159520063,1,Hardey_Formation
540571.92047039,7482251.149418795,502.0,27.194802293771033,63.36898286520081,1,Hardey_Formation
536917.57505537,7482757.818993965,457.0,14.251157723154963,64.57105354746673,1,Hardey_Formation
533429.5244218949,7483438.7941967035,445.0,18.187705481231774,53.82605132137631,1,Hardey_Formation
530081.890769185,7483555.51096028,415.0,336.52807406931066,39.37389391918747,1,Hardey_Formation
528683.325137215,7482856.99608998,450.0,332.87258484147145,22.042153171483434,1,Hardey_Formation
526028.53201337,7481725.22516611,400.0,324.6527585168597,10.595047409232492,1,Hardey_Formation
544806.3259296501,7475382.86372972,449.0,88.21230362902162,24.84514297626616,1,Hardey_Formation
544548.436019545,7476650.8897270365,454.0,78.03742244648515,26.311815231004548,1,Hardey_Formation
544893.38073768,7474313.096211855,446.0,77.07054701529181,27.61210218819476,1,Hardey_Formation
544705.39889934,7476898.139781805,463.0,196.30240567511527,26.69132225675176,1,Hardey_Formation
545334.245876965,7477407.16084828,470.0,97.17806819753763,26.67077056122077,1,Hardey_Formation
524598.0203352582,7480040.605157328,383.0,299.6146820389967,20.27335232456897,1,Hardey_Formation
523857.13571876,7477797.43036912,377.0,276.06544794198794,15.621809255950934,1,Hardey_Formation
523934.713889245,7475394.39853016,399.0,256.62971021721705,4.931203812937183,1,Hardey_Formation
520225.2446093901,7500853.469982957,646.0,347.73163087906784,17.45932373438768,1,Brockman_Iron_Formation
518769.7040157268,7499648.129060768,524.0,341.63400735825894,17.509214913875326,1,Brockman_Iron_Formation
548008.85975579,7517382.144744392,731.0,210.24303056457646,15.011226909006282,1,Brockman_Iron_Formation
547996.489616295,7516799.894302715,939.0,337.45888933242765,12.014662250305506,1,Brockman_Iron_Formation
546632.294857855,7516110.399364672,943.0,319.7474647510777,5.987912789854236,1,Brockman_Iron_Formation
545896.69371038,7515216.90879089,846.0,12.967538977543313,10.77088787555094,1,Brockman_Iron_Formation
544142.770986185,7514163.665734005,1008.0,292.6891968115476,12.716286660032466,1,Brockman_Iron_Formation
544041.795247975,7512331.149938695,781.0,291.7182199133268,12.595157985396053,1,Brockman_Iron_Formation
541927.2454435851,7513004.915384545,726.0,7.184029536999788,5.804135404152305,1,Brockman_Iron_Formation
542677.4965725001,7511769.9398722,812.0,254.05665613067765,9.202683788542801,1,Brockman_Iron_Formation
542770.98062372,7509160.911804105,804.0,320.14628193454337,8.62158802016944,1,Brockman_Iron_Formation
542145.8739035099,7507426.408992819,712.0,282.53178700935933,4.367485890906167,1,Brockman_Iron_Formation
540458.246602545,7505160.39973582,631.0,331.2100678284338,13.457172151667619,1,Brockman_Iron_Formation
537442.345425385,7504004.150099635,629.0,5.921509319234474,12.331074744183509,1,Brockman_Iron_Formation
535614.0367681901,7503332.13983152,744.0,288.4332918336072,5.312358837774283,1,Brockman_Iron_Formation
533316.92982423,7501972.611753278,640.0,351.002803185138,14.509949316899851,1,Brockman_Iron_Formation
530254.12493122,7501832.080240255,617.0,359.99868181158547,30.882802404847848,1,Brockman_Iron_Formation
519606.1003523519,7509314.451171485,594.0,172.19061413558225,30.61703633174537,1,Brockman_Iron_Formation
522397.105178225,7509820.312553835,601.0,168.0671386427607,21.481020787557355,1,Brockman_Iron_Formation
524169.22035638,7510545.556156065,577.0,134.36155464647578,11.883319774285042,1,Brockman_Iron_Formation
524889.9502847551,7510980.825397599,655.0,173.13669603068908,9.81847491962202,1,Brockman_Iron_Formation
525724.3209396501,7511817.981949217,619.0,129.29128798911086,9.286050684264806,1,Brockman_Iron_Formation
527376.5393743899,7512291.129500495,620.0,180.28740839407416,10.65671917096664,1,Brockman_Iron_Formation
529311.865251425,7512678.4401591765,746.0,154.33919426582872,8.838046938293857,1,Brockman_Iron_Formation
530039.4209450299,7513867.965676615,668.0,54.22080282165661,6.731770617811776,1,Brockman_Iron_Formation
529701.175250015,7514482.70485118,643.0,115.0504670508016,7.151043773086201,1,Brockman_Iron_Formation
530320.9103185651,7514688.720137135,664.0,155.99303878952523,5.396411052109271,1,Brockman_Iron_Formation
530839.1586871501,7514815.489428575,690.0,147.6555793014864,4.15899418225294,1,Brockman_Iron_Formation
530789.5338001,7515031.48889029,728.0,48.01311184140633,3.8203701033809097,1,Brockman_Iron_Formation
530496.28867419,7515447.230891812,827.0,105.69937747975807,3.8627509404934273,1,Brockman_Iron_Formation
530633.2723152749,7516362.98383204,972.0,66.98072512506303,2.0949598203629454,1,Brockman_Iron_Formation
531089.7500399901,7517391.50609064,656.0,172.80933153519845,0.9390380788827316,1,Brockman_Iron_Formation
531777.3699513851,7517559.49981711,733.0,75.66367949485324,1.4987878449342418,1,Brockman_Iron_Formation
534053.200035445,7518053.499251015,672.0,181.38908226548017,3.4782402249059743,1,Brockman_Iron_Formation
537376.37950788,7518136.979773095,753.0,132.1117386629185,6.492234323260959,1,Brockman_Iron_Formation
538410.7086670201,7518996.981018265,651.0,158.49824058715558,6.4823720578830395,1,Brockman_Iron_Formation
539393.786706235,7519777.72580868,686.0,102.75244680844257,4.808263060427649,1,Brockman_Iron_Formation
540067.851365335,7520662.219538187,628.0,154.96035675614226,2.704405585646924,1,Brockman_Iron_Formation
542208.634914015,7520193.4570411,645.0,199.26887779045606,1.7008498377354466,1,Brockman_Iron_Formation
544849.45142198,7519443.197025945,661.0,193.0259844328002,6.6861618403210485,1,Brockman_Iron_Formation
547287.16882913,7518693.165791535,647.0,219.26421060150687,15.165141955371368,1,Brockman_Iron_Formation
541302.175639445,7490693.151349145,638.0,139.05005527036042,19.92211465563237,1,Wittenoom_Formation
542524.347217218,7491087.760196681,636.0,178.8740759357203,16.238885199016426,1,Wittenoom_Formation
543123.31095177,7491847.90650611,608.0,103.81899719464191,13.52452820942865,1,Wittenoom_Formation
544238.128957815,7492249.41017384,605.0,143.77798272882646,8.817805452982483,1,Wittenoom_Formation
546356.50004214,7493058.92059762,550.0,177.74917889955205,14.876518590021348,1,Wittenoom_Formation
548354.744484535,7492678.941418905,556.0,179.35632723902654,42.23429353856528,1,Wittenoom_Formation
550574.23391728,7493344.7154516885,632.0,160.14809218451862,51.28696024020986,1,Wittenoom_Formation
552377.503348235,7493430.229805415,636.0,184.55203900434367,46.40426155181133,1,Wittenoom_Formation
553735.194837735,7493419.74543171,621.0,165.1565517978123,42.27549336780961,1,Wittenoom_Formation
555624.80435913,7493597.261058785,620.0,169.3784158344739,38.73699030892062,1,Wittenoom_Formation
557444.45464218,7494443.52454254,653.0,157.10947631342253,36.52713506302897,1,Wittenoom_Formation
560690.884750199,7495468.507271999,625.0,169.1812752206533,23.997801301776814,1,Wittenoom_Formation
557147.514831315,7478196.050771001,559.0,73.83301866920567,13.551068144157954,1,Jeerinah_Formation
556417.22031447,7479814.030298005,537.0,67.04986681945974,22.30113652065917,1,Jeerinah_Formation
552782.9094364201,7483379.02597077,502.0,32.915366123776444,35.490390372856226,1,Jeerinah_Formation
548439.71201388,7485168.239347248,519.0,16.973245748488807,45.62607180751315,1,Jeerinah_Formation
545653.18526342,7486268.465441835,535.0,20.686951633882813,43.62806847432744,1,Jeerinah_Formation
542228.24427185,7487521.66634451,513.0,18.727353714533482,35.487974209340045,1,Jeerinah_Formation
538964.442769715,7488554.623428785,500.0,21.617565220013148,27.94799773157865,1,Jeerinah_Formation
537161.445562285,7489866.109766245,478.0,64.63875668560189,25.904642740358554,1,Jeerinah_Formation
537444.2819397487,7490775.993202861,519.0,112.03885023170244,26.101730183385023,1,Jeerinah_Formation
538135.625996505,7491638.444756941,489.0,147.65392205394542,26.887240737397107,1,Jeerinah_Formation
539151.7025146354,7492388.868549326,530.0,134.38006698697598,26.38392928704248,1,Jeerinah_Formation
540913.975033195,7493291.8916322915,523.0,154.88303706092609,19.984801082356373,1,Jeerinah_Formation
542912.8192757249,7494375.891265845,549.0,139.94352274334688,7.396996401570448,1,Jeerinah_Formation
544908.47456311,7494788.399105635,522.0,191.0786321029593,4.7124836190931205,1,Jeerinah_Formation
547404.8798663251,7495525.919192267,554.0,149.78878323406929,21.930838005906647,1,Jeerinah_Formation
549184.64584168,7496006.183496175,544.0,165.86104189456637,36.2700398681153,1,Jeerinah_Formation
551498.0432909951,7496452.24971026,545.0,171.3480387997673,42.897325938530614,1,Jeerinah_Formation
553520.2133499449,7497016.980055425,550.0,171.58514905291682,36.249848361228906,1,Jeerinah_Formation
556308.400508775,7497590.509508835,598.0,141.6217003609055,25.627929215438886,1,Jeerinah_Formation
559523.01483513,7498900.25100327,591.0,163.67114030985795,3.913673672463688,1,Jeerinah_Formation
541264.05612271,7491364.895458425,556.0,145.1663691075455,20.509388378304013,1,Marra_Mamba_Iron_Formation
542328.4601832922,7491471.132702977,589.0,171.727887122526,16.519741363963078,1,Marra_Mamba_Iron_Formation
542839.595185685,7492355.654084401,559.0,119.05435196117857,13.385816497975753,1,Marra_Mamba_Iron_Formation
544244.2440136899,7492860.410425235,556.0,147.01205964994352,7.594822058304956,1,Marra_Mamba_Iron_Formation
545833.57613281,7493411.66058786,555.0,177.71558294478552,8.352845630113508,1,Marra_Mamba_Iron_Formation
548503.890789505,7493269.93467916,546.0,167.26658214081738,44.09003585557831,1,Marra_Mamba_Iron_Formation
550332.2299999951,7493940.955663765,579.0,165.31273315922797,52.011644972103156,1,Marra_Mamba_Iron_Formation
552599.5669921499,7493989.230273905,658.0,179.10749445423457,46.67871695097909,1,Marra_Mamba_Iron_Formation
555251.42890689,7493984.511211455,586.0,169.2656226217581,39.672322236905174,1,Marra_Mamba_Iron_Formation
556494.2491724767,7494680.309450023,604.0,141.9270860444951,37.14700787842761,1,Marra_Mamba_Iron_Formation
557827.5700528001,7495434.275538385,617.0,133.28727480920026,31.27152797377889,1,Marra_Mamba_Iron_Formation
558365.833351865,7496287.52000688,706.0,86.90417452307831,23.895023923643212,1,Marra_Mamba_Iron_Formation
561108.1954617649,7496590.775011885,620.0,152.03836104968482,13.039702031764236,1,Marra_Mamba_Iron_Formation
518417.47540268,7494639.423317965,519.0,305.60525406460886,5.043203813313582,1,Jeerinah_Formation
516011.179835465,7494795.659967502,549.0,312.3327169543335,11.064153026036537,1,Jeerinah_Formation
550763.605946325,7477316.250249475,474.0,75.88717111789526,18.20715743976811,1,Boongal_Formation
548054.274588445,7480647.22629282,491.0,39.80184834199707,32.207921630121426,1,Boongal_Formation
543977.80359838,7483005.9403368635,495.0,25.518614549166273,50.50069452285881,1,Boongal_Formation
539497.290974365,7484277.633050784,485.0,14.554672447300675,57.17253076412301,1,Boongal_Formation
534609.840313155,7485577.318957523,470.0,15.417522936815828,51.708220136598065,1,Boongal_Formation
532360.0320632011,7486117.774647398,470.0,15.85658074829189,52.279486754656226,1,Boongal_Formation
529645.16392706,7487277.28020085,481.0,18.38052127437953,48.04827749266384,1,Boongal_Formation
529037.12967201,7487089.76491428,443.0,9.408810569674586,44.80801322004385,1,Boongal_Formation
527311.90941034,7486794.2443205835,509.0,338.46906960515605,32.632093521340515,1,Boongal_Formation
523130.21000391437,7485505.657911522,435.0,318.90326590915663,12.837454427726,1,Boongal_Formation
522033.185013125,7484054.184394485,503.0,287.3448071311027,17.2064179604655,1,Boongal_Formation
521049.18880115537,7483049.900373306,474.0,19.745386365712363,19.468960302787774,1,Boongal_Formation
519311.935776725,7480838.883612235,469.0,305.54934271864096,16.548006616997302,1,Boongal_Formation
518142.500830445,7478321.614042855,447.0,274.72799150081573,9.161032822468584,1,Boongal_Formation
518622.33880744,7475594.931123795,502.0,243.0955575480091,12.876342700809689,1,Boongal_Formation
519681.7653594701,7474382.93437073,433.0,225.3290466752038,14.884042759066405,1,Boongal_Formation
552503.59925806,7475888.525684885,494.0,80.57997386981106,9.771232439461984,1,Pyradie_Formation
551376.90721344,7478450.54431534,480.0,68.97660760952681,22.504030623596762,1,Pyradie_Formation
550447.1451126351,7480052.755168165,521.0,41.7728598684642,29.42573237779571,1,Pyradie_Formation
547946.985710585,7481867.48010705,541.0,39.629938598114045,37.50795475597167,1,Pyradie_Formation
545358.80509842,7483214.96546406,526.0,31.182538841210203,46.62957895761135,1,Pyradie_Formation
542372.3263868301,7484402.1768921735,542.0,13.384165712963295,50.56240124913821,1,Pyradie_Formation
539393.31919461,7485150.134057592,550.0,14.351888872442654,53.347084154633386,1,Pyradie_Formation
535464.6798418399,7486129.33107677,510.0,14.555605022216866,48.702068437605114,1,Pyradie_Formation
532847.99521395,7486834.05991693,450.0,14.068513007896344,48.11428798607811,1,Pyradie_Formation
531320.2261709049,7487179.784473615,419.0,11.26836804691402,49.794567755491144,1,Pyradie_Formation
528729.1067750903,7488601.993160779,428.0,46.61164005959319,38.92504800042031,1,Pyradie_Formation
525980.51038793,7488319.49021209,471.0,332.74695827235,24.84450704621813,1,Pyradie_Formation
524069.575018665,7487670.97439518,569.0,326.85859788246563,14.743941479637588,1,Pyradie_Formation
521758.759142125,7487177.69499729,511.0,310.31103573169463,10.931171636084514,1,Pyradie_Formation
520563.84515375044,7485244.083647086,598.0,313.6288185553562,14.490739407243595,1,Pyradie_Formation
519720.435884935,7484490.16106112,495.0,317.3016623522437,15.484795388360979,1,Pyradie_Formation
518566.31040035,7483182.1445601,625.0,296.81637852492224,15.663579044487081,1,Pyradie_Formation
516887.32922091,7479827.350793935,423.0,291.3662547559296,11.090993389495411,1,Pyradie_Formation
516591.705780295,7477178.14482023,389.0,263.5384672207548,12.131474538148597,1,Pyradie_Formation
517642.506083575,7474161.990842422,388.0,246.40035959049519,16.985127922768427,1,Pyradie_Formation
554490.28596142,7475756.810182487,501.0,84.27793701073166,5.126583090900553,1,Bunjinah_Formation
554388.75044691,7477135.29513733,490.0,90.25700636747645,12.330506069058414,1,Bunjinah_Formation
553862.990218275,7479002.0245584035,498.0,78.36960104824287,21.784001834135235,1,Bunjinah_Formation
551796.136145095,7481851.776077162,496.0,50.38832031929003,33.41393536109639,1,Bunjinah_Formation
550539.3441745751,7482718.998923675,500.0,26.483340242704912,37.89098575054864,1,Bunjinah_Formation
547214.235456385,7484232.743273875,536.0,22.364989953191696,45.179776161638095,1,Bunjinah_Formation
544521.916444195,7485087.449798222,537.0,24.641613694211006,46.22482316943678,1,Bunjinah_Formation
541072.9553524151,7485968.65500438,560.0,12.000222619294505,44.239724098350656,1,Bunjinah_Formation
537680.820477725,7486770.114894,531.0,10.291891375312332,42.16274511334415,1,Bunjinah_Formation
534464.9051948499,7487840.579698315,476.0,27.847791244336968,35.977291723584365,1,Bunjinah_Formation
531780.596322705,7489707.555186695,541.0,41.17630250047404,30.309541161229802,1,Bunjinah_Formation
528939.26406589,7491985.535384455,499.0,15.940808591172356,24.79155266695189,1,Bunjinah_Formation
529084.89519706,7489849.276810699,491.0,27.607247986444463,33.794802298306124,1,Bunjinah_Formation
526551.8863018772,7491577.879633892,448.0,316.425088331745,23.815334356554533,1,Bunjinah_Formation
524427.800684595,7490106.984783055,595.0,326.59078689996767,18.71848594516561,1,Bunjinah_Formation
522574.225083015,7489483.708578745,563.0,354.1500324715999,11.977309792915534,1,Bunjinah_Formation
520254.979796135,7488560.43391682,655.0,299.42282753584306,8.429077606395623,1,Bunjinah_Formation
518603.825386835,7486376.909246735,779.0,321.23780414074764,11.585571814238904,1,Bunjinah_Formation
517190.9159653771,7485837.452145081,741.0,328.9890924945666,12.031324368899845,1,Bunjinah_Formation
516311.19005327,7485036.620782515,634.0,258.9546506766135,12.253391323635526,1,Bunjinah_Formation
518923.714535925,7517099.10292249,629.0,78.14166914589565,3.739110424680959,1,Jeerinah_Formation
519360.82054019,7519123.361015715,626.0,290.77354638598547,1.6891289689197322,1,Jeerinah_Formation
547196.86720726,7509847.39038322,595.0,319.2612021027772,4.1566138022322585,1,Jeerinah_Formation
546776.6107238049,7508408.3966918,580.0,278.4058400334052,3.277721906810441,1,Jeerinah_Formation
546222.635345025,7506937.892936135,553.0,322.7125305945445,5.210347195152906,1,Jeerinah_Formation
545122.87134142,7505034.410607435,575.0,303.327235053726,11.474779043207574,1,Jeerinah_Formation
543555.256042425,7503041.40492044,535.0,313.91655305286497,17.430770571272944,1,Jeerinah_Formation
540651.6345203449,7500931.1400978835,534.0,337.2175917654092,15.425817084950607,1,Jeerinah_Formation
538629.75433365,7499701.13002922,507.0,319.80043996578513,6.431902709622534,1,Jeerinah_Formation
536582.47959845,7499129.865453267,497.0,347.5868071739358,0.9004635798055745,1,Jeerinah_Formation
534074.2086106839,7499028.317216309,513.0,6.162229663300708,11.817559683138153,1,Jeerinah_Formation
531408.960051105,7499404.585909787,520.0,359.99754425276467,26.734920115475703,1,Jeerinah_Formation
530142.0153361501,7499647.07046245,513.0,359.99971750868735,30.508141200611764,1,Jeerinah_Formation
528450.13406347,7499343.80142681,509.0,358.141931654507,30.581791525635087,1,Jeerinah_Formation
525399.8681901663,7499027.295671807,503.0,350.542748390738,26.61024758882705,1,Jeerinah_Formation
520886.62435595,7497655.700212943,498.0,349.0507470864348,2.255467155324624,1,Jeerinah_Formation
523295.8579474225,7498490.361545375,500.0,145.46125785021746,14.086992393887115,1,Jeerinah_Formation
556963.316139535,7520927.56066255,629.0,356.9993605105909,23.375389739631355,1,Jeerinah_Formation
555683.31389367,7520623.26413824,630.0,320.19921560620287,24.3040620997162,1,Jeerinah_Formation
555387.7999811401,7519979.234322995,639.0,263.906937493456,24.21873864025061,1,Jeerinah_Formation
555785.245036455,7519285.71349123,638.0,244.92694975910493,23.238925539569287,1,Jeerinah_Formation
555769.67433455,7518348.169701801,641.0,293.36455129816056,21.94896428449708,1,Jeerinah_Formation
555290.009846865,7516636.38944213,638.0,281.0504175042955,18.670161419333297,1,Jeerinah_Formation
554873.6769496349,7514690.88029036,617.0,318.1480451883856,13.91803183107784,1,Jeerinah_Formation
551721.140040415,7513078.6253788965,618.0,347.3323210905687,8.013943788809767,1,Jeerinah_Formation
549638.655827145,7512446.874801383,610.0,319.35844008249563,3.4396652116538604,1,Jeerinah_Formation
548353.033844215,7510917.1341405315,576.0,306.4041806697292,2.467064398712424,1,Jeerinah_Formation
561418.26460908,7475065.09477617,643.0,46.86695826691391,5.712691626021267,1,Wittenoom_Formation
560651.2640025,7476890.090077723,683.0,104.03553457210468,0.631371681166172,1,Wittenoom_Formation
559791.650915095,7479297.06941952,639.0,49.08653847479121,10.29816893974737,1,Wittenoom_Formation
517080.760081875,7513040.689810541,554.0,161.47640423449798,15.96640660448972,1,Jeerinah_Formation
516761.3790692386,7498020.796989593,589.0,304.87994129018904,16.322615179043797,1,Marra_Mamba_Iron_Formation
